City	Zone 	Ward No:	Lat details	Long details	Thikan (Land mark) :	Address (Specify the detail address) :	Situated at	Type 	Gender (Male/ Female/ Both)	Male	Female	Total	User Charges Collected
Pimpri Chinchwad	A	10	18.6627532	73.7947746	Sai garden	"Sai Garden Sambhaji Nagar, Chinchwad"	Garden	PT	Both	2	2	4	No
Pimpri Chinchwad	A	10	18.656925	73.80076	"Bird Vally, Sambhaji Nagar"	"Bird Vally, Sambhaji Nagar, Chinchwad"	Garden	PT	Both	1	3	4	No
Pimpri Chinchwad	A	10	18.6546803	73.8028643	H F D C Colony	Shahunagar	Road side	PT	Both	1	1	2	No
Pimpri Chinchwad	A	10	18.637196	73.802988	Morwadi 	Pimpri	Park	PT	Both	1	1	2	No
Pimpri Chinchwad	A	10	18.655412	73.809306	Shahu Nagar	Chinchwad	Park	PT	Male	2	0	2	No
Pimpri Chinchwad	A	10	18.657555	73.808449	Sadashiv Birwade Garden	Chinchwad	Park	PT	Male	1	1	2	No
Pimpri Chinchwad	A	10	18.65806	73.804283	Shiv Sahu Sambhaji Garden	Sambhaji Nagar 	Park	PT	Male	2	0	2	No
Pimpri Chinchwad	A	10	18.661503	73.801482	Amrela Garden	Sambhaji Nagar 	Park	PT	Both	1	1	2	No
Pimpri Chinchwad	A	10	18.649646	73.809301	KSB Chok	Chinchwad	Road side	PT	Both	1	1	2	No
Pimpri Chinchwad	A	10	18.637196	73.802988	Bhiku Kapse Udyan	Morwadi	Park	PT	Both	2	2	4	No
Pimpri Chinchwad	A	10	18.6418047	73.7986086	Indira Nagar	Cinchwad	Slum area	CT	Both	11	11	22	No
Pimpri Chinchwad	A	10	18.6418659	73.7987924	Indira Nagar	Sai baba Chowk 	Slum area	CT	Both	32	32	64	No
Pimpri Chinchwad	A	10	18.641188	73.8005001	Indira Nagar	 	Slum area	CT	Both	8	4	12	No
Pimpri Chinchwad	A	10	18.6420786	73.7998687	Indira Nagar	Indira Nag Bul.No. 3	Slum area	CT	Both	6	4	10	No
Pimpri Chinchwad	A	10	18.6361208	73.7979482	Annasaheb Nagar	Chinchwad	Slum area	CT	Both	11	11	22	No
Pimpri Chinchwad	A	10	18.64221	73.80035	IMR Collage	Indira Nagar	Slum area	CT	Both	9	4	13	No
Pimpri Chinchwad	A	10	18.6541238	73.799927	Vidya Nagar	M I D C	Slum area	CT	Both	2	2	4	No
Pimpri Chinchwad	A	10	18.6522826	73.7957692	Vidya Nagar	Chinchwad	Slum area	CT	Both	21	5	26	No
Pimpri Chinchwad	A	10	18.6356838	73.8043958	Laltopi Nagar	Pimpri	Slum area	CT	Both	4	5	9	No
Pimpri Chinchwad	A	10	18.6488783	73.7988738	Adwani Company	M I D C	Slum area	CT	Both	7	10	17	No
Pimpri Chinchwad	A	10	18.635566	73.8047292	Laltopi Nagar	Pimpri	Slum area	CT	Both	6	4	10	No
Pimpri Chinchwad	A	10	18.6349339	73.8057733	Laltopi Nagar	Pimpri	Slum area	CT	Both	13	8	21	No
Pimpri Chinchwad	A	10	18.6361801	73.8054132	Morwadi 	Pimpri	Slum area	CT	Both	7	7	14	No
Pimpri Chinchwad	A	10	18.6323367	73.8020093	Morwadi 	Pimpri	Gaothan area 	CT	Both	5	5	10	No
Pimpri Chinchwad	A	10	18.6325102	73.8031261	Morwadi 	Pimpri	Gaothan area 	CT	Both	8	8	16	No
Pimpri Chinchwad	A	10	18.661039	73.792367	Sambhaji Nagar	"Ambedakar Nagar, Tharmax Chok"	Slum area	CT	Both	4	4	8	No
Pimpri Chinchwad	A	10	18.651225	73.797609	Dattanagr	Chinchwad	Slum area	CT	Both	12	25	37	No
Pimpri Chinchwad	A	10	18.651136	73.800161	Dattanagr	Chinchwad	Slum area	CT	Both	29	28	57	No
Pimpri Chinchwad	A	10	18.651885	73.797325	Vidya Nagar	Khadimachine	Slum area	CT	Both	12	12	24	No
Pimpri Chinchwad	A	10	18.653503	73.799761	Vidya Nagar	Kokate Mandap 	Slum area	CT	Both	11	11	22	No
Pimpri Chinchwad	A	10	18.651081	73.797742	Vidya Nagar	"Shriram Gym, chinchwad"	Slum area	CT	Both	11	17	28	No
Pimpri Chinchwad	A	10	18.650275	73.7997	Dattanagr	Bansode Nivas Chinchwad	Slum area	CT	Both	4	4	8	No
Pimpri Chinchwad	A	10	18.652605	73.797221	Vidya Nagar	Chinchwad	Slum area	CT	Both	10	6	16	No
Pimpri Chinchwad	A	10	18.652094	73.800708	Shankar Nagar	Chinchwad	Slum area	CT	Both	6	6	12	No
Pimpri Chinchwad	A	10	18.653122	73.79872	Vidya Nagar	Chinchwad	Slum area	CT	Both	13	13	26	No
Pimpri Chinchwad	A	10	18.649508	73.799539	Vidya Nagar	near Advani Compay Chinchwad	Slum area	CT	Female	0	10	10	No
Pimpri Chinchwad	A	10	18.651761	73.800737	Sankar Nagar	Mahatma Fule Nagar	Slum area	CT	Both	13	12	25	No
Pimpri Chinchwad	A	10	18.653203	73.800439	Vidya Nagar	Chinchwad	Slum area	CT	Both	9	14	23	No
Pimpri Chinchwad	A	10	18.642073	73.79868	Behind Double Tree Hotel	Chinchwad	Slum area	CT	Both	2	2	4	No
Pimpri Chinchwad	A	10	18.650519	73.798579	Dattanagar	Chinchwad	Slum area	CT	Both	13	12	25	No
Pimpri Chinchwad	A	14	18.6600998	73.7941916	Thermax chowk	"thermax chowk, akurdi"	Road side	PT	Both	1	1	2	No
Pimpri Chinchwad	A	14	18.647415	73.7886967	Hawkers zone	Mumbai pune road kalbhor nagar chinchwad	Road side	PT	Both	6	4	10	No
Pimpri Chinchwad	A	14	18.651937	73.783542	Near force motor gate	Mumbai pune road akurdi	Road side	PT	Both	1	1	2	No
Pimpri Chinchwad	A	14	18.644012	73.793636	Shankar shetty garden	Kalbhornagar chinchwad	Garden 	PT	Both	3	2	5	No
Pimpri Chinchwad	A	14	18.657904	73.777248	Sant tukaram commerical complex	"Sant tukaram Commerical complex, Nigdi"	Commercial 	PT	Both	35	35	70	No
Pimpri Chinchwad	A	14	18.645411	73.7829222	Near Beena School	"Subhash Pandharkar Nagar, Akurdi"	Residential area	CT	Both	4	4	8	No
Pimpri Chinchwad	A	14	18.646075	73.7957984	Shelar chawl siddihivinayak apartment	"Shelar Chawl, s.no.135, mohannagar, chinchwad"	Residential area 	CT	Both	16	10	26	No
Pimpri Chinchwad	A	14	18.6495591	73.7836652	Dyaneshwar Colony	"Dnyaneshwar Colony, Akurdi"	Residential area 	CT	Both	16	4	20	No
Pimpri Chinchwad	A	14	18.6471183	73.8002567	Police chowki	"spaco company, mohannagar"	Slum area	CT	Both	6	4	10	No
Pimpri Chinchwad	A	14	18.647785	73.7994033	Dhobighat	"Mahatma phule nagar, mohannagar chinchwad"	Slum area	CT	Both	12	12	24	No
Pimpri Chinchwad	A	14	18.6396998	73.7925436	Saibaba Nagar	Near Chinhwad station	Slum area	CT	Both	13	13	26	No
Pimpri Chinchwad	A	14	18.6466517	73.7985833	Opp. Tulaja bhavani mandir	"Mahatma phule nagar, mohannagar chinchwad"	Slum area	CT	Both	13	12	25	No
Pimpri Chinchwad	A	14	18.6492233	73.7978383	Datir Patil niwas	"Datir chawl, Ramnagar, chinchwad"	Residential area 	CT	Both	5	5	10	No
Pimpri Chinchwad	A	14	18.6492767	73.7974117	Thorat niwas	"Sainik vasahat Ramnagar, chinchwad"	Residential area 	CT	Both	4	3	7	No
Pimpri Chinchwad	A	14	18.648989	73.7848903	Ganesh Vision 	"Near Ganesh Vision Complex, Akurdi"	Residential area 	CT	Both	2	2	4	No
Pimpri Chinchwad	A	14	18.6520239	73.7792239	Waykar chawl	"Dattawadi, Akurdi"	Residential area 	CT	Both	5	3	8	No
Pimpri Chinchwad	A	14	18.652899	73.7788895	Sonigara society	"ekta nagar, dattwadi akurdi"	Residential area 	CT	Both	9	7	16	No
Pimpri Chinchwad	A	14	18.6520929	73.7773777	Seeta residency	"vitthalwadi, akurdi"	Residential area 	CT	Both	4	4	8	No
Pimpri Chinchwad	A	14	18.653273	73.7751113	Dwarkamai Sai Mandir	"Dattawadi, Akurdi"	Residential area 	CT	Both	13	13	26	No
Pimpri Chinchwad	A	14	18.655965	73.7798107	Prestige Complex	Near Pawale Bridge Nigdi	Residential area 	CT	Male	6	0	6	No
Pimpri Chinchwad	A	14	18.6510755	73.7826377	Shantivan Society	"Behind Huma Bakery, Akurdi"	Residential area 	CT	Both	4	4	8	No
Pimpri Chinchwad	A	14	18.6454727	73.7901231	Shiv Mandir	Datir chawl kalbhor nagar	Residential area 	CT	Both	11	6	17	No
Pimpri Chinchwad	A	14	18.64681	73.789745	Suryodaya Complex	Kalbhor nagar kokan wada	Residential area 	CT	Both	14	12	26	No
Pimpri Chinchwad	A	14	18.6487017	73.7880083	Near Digambar Niwas	Kalbhor Nagar	Residential area 	CT	Both	3	3	6	No
Pimpri Chinchwad	A	14	18.6491583	73.7885433	Near Ansari weight Bridge	"Kalbhor nagar, Adarsh nagar"	Residential area 	CT	Both	14	10	24	No
Pimpri Chinchwad	A	14	18.6492883	73.78939	Near Vitthal Mandir	Kalbhor nagar	Residential area 	CT	Both	2	2	4	No
Pimpri Chinchwad	A	14	18.6487783	73.7911367	Opp. PCMC School. Ansari crane	Kalbhor nagar	Residential area 	CT	Both	4	4	8	No
Pimpri Chinchwad	A	14	18.6480133	73.7897083	 Vitthal Mandir road	Kalbhor nagar	Residential area 	CT	Both	2	1	3	No
Pimpri Chinchwad	A	14	18.6481483	73.790315	Kalbhor wada	"Kalbhor nagar, Behind PCMC School"	Residential area 	CT	Both	4	4	8	No
Pimpri Chinchwad	A	14	18.6530183	73.7872417	Khandoba mandir	Khandoba mandir akurdi	Slum area	CT	Both	8	8	16	No
Pimpri Chinchwad	A	14	18.6498867	73.79496	"Ramnagar, Iind floor"	"Ramnagar, near kalekar niwas, chinchwad"	Slum area	CT	Both	12	8	20	No
Pimpri Chinchwad	A	14	18.653292	73.777018	Jain Mandir	"Dattawadi, Akurdi"	Residential area 	CT	Both	12	6	18	No
Pimpri Chinchwad	A	14	18.657384	73.777254	Nilkantheswar Mitra Mandal	Rupesh Colony Akurdi	Residential area 	CT	Both	4	3	7	No
Pimpri Chinchwad	A	14	18.649198	73.789281	Near Prabhu chamber	Kalbhornagar chinchwad	Residential area 	CT	Both	6	6	12	No
Pimpri Chinchwad	A	14	18.64511	73.799186	Kavale wakhar	"Near dali and sameer complex mohannagar, chinchwad"	Residential area 	CT	Both	12	10	22	No
Pimpri Chinchwad	A	14	18.650465	73.795755	Paradhi wasti	"ramnagar, chinchwad"	Slum area	CT	Both	9	10	19	No
Pimpri Chinchwad	A	14	18.641848	73.793566	Behind pradeep  sweets	"mumbai pune road pansare chawl, chinchwad"	Residential area 	CT	Both	1	1	2	No
Pimpri Chinchwad	A	14	18.650955	73.781265	Vivek Nagar	Kudale Chal	Residential area 	CT	Both	2	2	4	No
Pimpri Chinchwad	A	14	18.6497726	73.7813996	Near PCMC Hospital	"Shubhshree Residency Road, Akurdi"	Residential area	CT	Male	14	0	14	No
Pimpri Chinchwad	A	14	18.640175	73.792665	Near Chinchwad station	Chinchwad station	Road side	PT	Both	3	3	6	Yes
Pimpri Chinchwad	A	15	18.6479794	73.7785439	Near Satyam jewellers	"Sector no 24, Nigdi Maszid"	Road side	PT	Both	4	14	18	No
Pimpri Chinchwad	A	15	18.666062	73.760572	S.no. 23 Durga Devi Tekadi	"Pradhikaran, Nigidi"	Garden	PT	Both	3	1	4	No
Pimpri Chinchwad	A	15	18.671081	73.760717	S.no. 23 Durga Devi Tekadi	"Pradhikaran, Nigidi"	Garden	PT	Both	2	3	5	No
Pimpri Chinchwad	A	15	18.658188	73.772768	S.no.24 Ganesh Bag	"Pradhikaran, Nigidi"	Garden	PT	Male	1	0	1	No
Pimpri Chinchwad	A	15	18.657898	73.774805	S.no.24 Kabir  Bag	"Pradhikaran, Nigidi"	Garden	PT	Both	1	1	2	No
Pimpri Chinchwad	A	15	18.660646	73.765803	S.no.25 Maruti mandir Garden	"Pradhikaran, Nigidi"	Garden	PT	Male	1	0	1	No
Pimpri Chinchwad	A	15	18.661818	73.769389	S.no.25 Vitthal Rkhumini  Garden	"Pradhikaran, Nigidi"	Garden	PT	Both	1	1	2	No
Pimpri Chinchwad	A	15	18.659711	73.770359	S.no.25 Someshwar Mandir Garden	"Pradhikaran, Nigidi"	Garden	PT	Male	1	0	1	No
Pimpri Chinchwad	A	15	18.658273	73.770347	S.no.25 Radhakruch Mandir Garden	"Pradhikaran, Nigidi"	Garden	PT	Male	1	0	1	No
Pimpri Chinchwad	A	15	18.654603	73.766354	S.no.27 Gajanan Maharaj Mandir Garden	"Pradhikaran, Nigidi"	Garden	PT	Both	1	1	2	No
Pimpri Chinchwad	A	15	18.652076	73.767907	PCMC Narsary Garden	"Pradhikaran, Nigidi"	Garden	PT	Both	3	1	4	No
Pimpri Chinchwad	A	15	18.654775	73.769129	Mauli Garden	"Pradhikaran, Nigidi"	Garden	PT	Both	1	2	3	No
Pimpri Chinchwad	A	15	18.651217	73.769495	S.no.27 Ram Mandir Garden	"Pradhikaran, Nigidi"	Garden	PT	Both	1	1	2	No
Pimpri Chinchwad	A	15	18.651139	73.772029	S.no.27A Sant Tukaram Garden	"Pradhikaran, Nigidi"	Garden	PT	Both	3	2	5	No
Pimpri Chinchwad	A	15	18.7473	73.775737	S.no.28 Sant Dnyneshwar Garden	"Pradhikaran, Nigidi"	Garden	PT	Both	1	2	3	No
Pimpri Chinchwad	A	15	18.646996	73.767969	Pradhikarn Garden	"Pradhikaran, Nigidi"	Garden	PT	Both	1	2	3	No
Pimpri Chinchwad	A	15	18.656647	73.763492	S.no.26 Sawarkar Garden	"Pradhikaran, Nigidi"	Garden	PT	Both	7	8	15	No
Pimpri Chinchwad	A	15	18.6498222	73.7811545	Near Nalla	Sudershan nagar near nalla pcmc hospital	Residential area 	CT	Both	16	8	24	No
Pimpri Chinchwad	A	15	18.6486851	73.7783158	Near Nalla	pandharkar tax hall corner akurdi	Residential area 	CT	Both	8	14	22	No
Pimpri Chinchwad	A	15	18.6473997	73.7793606	Near Kamal Complex	Kalbhor hall corner akurdi	Residential area 	CT	Both	14	8	22	No
Pimpri Chinchwad	A	15	18.6474598	73.7796013	Near Belashwar  mandir	Gurudev nagar akurdi 	Residential area 	CT	Both	4	4	8	No
Pimpri Chinchwad	A	15	18.6473253	73.7730043	Behind Sane chamber	sector 24 nigdi behine same chambers	Residential area 	CT	Both	0	4	4	No
Pimpri Chinchwad	A	15	18.6595094	73.7762111	Near Magestic Hotel	Kalpana chawl vijay colony	Residential area 	CT	Both	4	10	14	No
Pimpri Chinchwad	A	15	18.6598714	73.7758942	Near Magestic Hotel	Gurudev nagar akurdi gaothan	Residential area 	CT	Both	12	0	12	No
Pimpri Chinchwad	A	15	18.663916	73.76879	S.no. 23 Near PMPL Office	"Pradhikaran, Nigadi"	Road side	PT	Both	4	3	7	Yes
Pimpri Chinchwad	A	15	18.66328	73.76762	S.no. 23 Near Truck Parking	"Pradhikaran, Nigadi"	Road side	PT	Both	9	0	9	Yes
Pimpri Chinchwad	A	19	18.6331917	73.7915817	Sudarshan Health Club Samor	"Bhoir Colony Road, Garden Sejari"	Garden	PT	Both	2	1	3	No
Pimpri Chinchwad	A	19	18.6338141	73.7867445	Near to Axis Bank 	"Ramkusrna More Autotoriem, chinchwad"	Road side	PT	Both	3	4	7	No
Pimpri Chinchwad	A	19	18.63227	73.7876983	Shridhar Nagar	Garden 	Garden	PT	Both	2	1	3	No
Pimpri Chinchwad	A	19	18.624009	73.800311	Pimpri	"Shetkari Otta, Pimpri Mandi"	Commercial 	PT	Both	3	4	7	Yes
Pimpri Chinchwad	A	19	18.6348933	73.7926267	Sudarshan Fabricators Shejari	"Gawade Chawl, SudarshanNagar Chinchwad. 33"	Residential area	CT	Both	2	3	5	No
Pimpri Chinchwad	A	19	18.6369733	73.7925317	Sachin Super Market Shejari	Sudarshan nagar Railway Line Bhinti Lagat Chinchwad 33.	Slum area	CT	Both	2	2	4	No
Pimpri Chinchwad	A	19	18.638436	73.791301	Ganesh Mandir Jawal	Santosh Nagar Chinchwad 33.	Slum area	CT	Both	4	4	8	No
Pimpri Chinchwad	A	19	18.6370882	73.7898506	Lokmanya Hospital Shejari	Chinchwad station Road Chinchwad 33.	Slum area	CT	Both	1	2	3	No
Pimpri Chinchwad	A	19	18.6384079	73.7912675	Santosh Nagar	Chinchwad Stection	Slum area	CT	Male	4	0	4	No
Pimpri Chinchwad	A	19	18.6326883	73.791245	 S I Health Office PCMC	"Datta Nagar Bhoier Colany, chcinchwad"	Slum area	CT	Both	1	1	2	No
Pimpri Chinchwad	A	19	18.6283657	73.7966276	Ramabai nagar	Ramabai Nagar STP Opp. plant 	Slum area	CT	Both	6	5	11	No
Pimpri Chinchwad	A	19	18.6364	73.789695	Gawade Washing center	"Gawade Chawl, SudarshanNagar Chinchwad. 33"	Chawl area	CT	Both	7	7	14	No
Pimpri Chinchwad	A	19	18.6286502	73.7959319	Rambai Nagar Patra Shed	Rambai Nagar Ptra Shed Near STP Plant	Slum area	CT	Female	0	12	12	No
Pimpri Chinchwad	A	19	18.6323027	73.7844481	Khedkar House	Vijay Nagar Elpro Co. 	Slum area	CT	Both	8	8	16	No
Pimpri Chinchwad	A	19	18.6332567	73.7873433	Jivan Nagar Raod	Chinchwad Raod 	Slum area	CT	Both	40	15	55	No
Pimpri Chinchwad	A	19	18.6275983	73.7967547	Rambai Nagar Ptra Shed	Rambai Nagar Ptra Shed Near Kaman	Slum area	CT	Both	13	13	26	No
Pimpri Chinchwad	A	19	18.6441488	73.7841852	Bhoir Brage Near	Dalvi Nagar 	Slum area	CT	Both	16	16	32	No
Pimpri Chinchwad	A	19	18.6266535	73.7963806	Rambai Nagar 	Rambai Nagar Near Blg. No 11	Slum area	CT	Both	6	6	12	No
Pimpri Chinchwad	A	19	18.626265	73.796188	Boudth Nagar	Boudth Nagar Near Blg. No 11 Zop.	Slum area	CT	Both	16	15	31	No
Pimpri Chinchwad	A	19	18.6305367	73.7928983	Kodabai Golade Scholl 	Shudrashn Nagar Chichwad	Residential area	CT	Both	2	2	4	No
Pimpri Chinchwad	A	19	18.6264153	73.795609	Patra Shed	"S T P Plant Patra Shed, Camp"	Slum area	CT	Both	8	8	16	No
Pimpri Chinchwad	A	19	18.6268414	73.7958206	Patra Shed	Near Raju Pardeshi House	Slum area	CT	Both	6	5	11	No
Pimpri Chinchwad	A	19	18.6258364	73.795968	Boudth Nagar	Boudth Nagar Near Blg. No 12 Zop.	Slum area	CT	Both	4	4	8	No
Pimpri Chinchwad	A	19	18.6250105	73.7962087	Boudth Nagar	Boudth Nagar Near Near MIDC com.	Slum area	CT	Female	0	5	5	No
Pimpri Chinchwad	A	19	18.6244924	73.7971311	Boudth Nagar	Boudth Nagar Near Blg. No 16 Zop.	Slum area	CT	Both	18	17	35	No
Pimpri Chinchwad	A	19	18.6344167	73.7906617	Gawade Colany	Jajabai Garden	Residential area	CT	Male	1	0	1	No
Pimpri Chinchwad	A	19	18.6355427	73.7950997	Anand Nagar	Wadar Wasti Anand Nagar	Slum area	CT	Female	0	40	40	No
Pimpri Chinchwad	A	19	18.6354352	73.7942233	Anand Nagar	Wadar Wasti Anand Nagar	Slum area	CT	Both	28	10	38	No
Pimpri Chinchwad	A	19	18.6244459	73.7981037	Boudh Nagar	Boudh Nagar Near Blg. No 16 Zop.	Slum area	CT	Female	0	4	4	No
Pimpri Chinchwad	A	19	18.6353366	73.7941253	Samaj Mandir	Anand Nagar Chinchwad	Slum area	CT	Female	0	22	22	No
Pimpri Chinchwad	A	19	18.6351021	73.7952866	Anand Nagar	Wadar Wasti Anand Nagar	Slum area	CT	Male	22	0	22	No
Pimpri Chinchwad	A	19	18.6370704	73.7951625	Kupoor Wall	Anand Nagar Chinchwad	Slum area	CT	Male	26	0	26	No
Pimpri Chinchwad	A	19	18.6372373	73.7951879	Kupoor Wall	Anand Nagar Chinchwad	Slum area	CT	Male	26	0	26	No
Pimpri Chinchwad	A	19	18.6244328	73.8003962	Sainatary Chawl	Sainatary Chawl Bhaji Madai	Slum area	CT	Male	10	0	10	No
Pimpri Chinchwad	A	19	18.624542	73.799765	Bhim Nagar	Patra Shed 	Slum area	CT	Both	8	2	10	No
Pimpri Chinchwad	A	19	18.6246024	73.799873	Bhim Nagar	Patra Shed 	Slum area	CT	Both	4	2	6	No
Pimpri Chinchwad	A	19	18.6233834	73.7975916	Ambedkar Colany	Near Mukesh Mane House	Slum area	CT	Female	0	2	2	No
Pimpri Chinchwad	A	19	18.6234054	73.7975437	Ambedkar Colony	Near Raju Tak  House	Slum area	CT	Male	4	0	4	No
Pimpri Chinchwad	A	19	18.6230791	73.7985672	River Road	River Road B Blok 14	Slum area	CT	Female	0	8	8	No
Pimpri Chinchwad	A	19	18.6243977	73.7972572	Ambedkar Colony	Near Nala	Slum area	CT	Both	8	7	15	No
Pimpri Chinchwad	A	19	18.636015	73.7962467	Chinchwad station toilet	Big Bazar Mall	Residential area	CT	Both	4	4	8	No
Pimpri Chinchwad	A	19	18.6225896	73.8025894	Railway station	Near railway station 	Slum area	CT	Both	8	4	12	No
Pimpri Chinchwad	A	19	18.6236061	73.8000498	River road 	River Road B Blok 18	Slum area	CT	Both	6	3	9	Yes
Pimpri Chinchwad	A	19	18.6215327	73.8008068	River road 	River Road B Blok 29	Slum area	CT	Male	15	0	15	No
Pimpri Chinchwad	A	19	18.6214973	73.8005879	River road 	River Road B Blok 27	Slum area	CT	Female	0	9	9	Yes
Pimpri Chinchwad	A	19	18.6223828	73.7993812	River road 	River Road B Blok 25	Slum area	CT	Male	4	0	4	Yes
Pimpri Chinchwad	A	19	18.6225267	73.7992935	River road 	River Road B Blok 19	Slum area	CT	Male	4	0	4	No
Pimpri Chinchwad	A	19	18.6265025	73.7975324	Bhat Nagar	Bhat Nagar Davakhana	Slum area	CT	Female	2	1	3	No
Pimpri Chinchwad	A	19	18.63527	73.793584	Anand Nagar	Near Kupoor Company	Slum area	CT	Both	3	3	6	No
Pimpri Chinchwad	A	19	18.629112	73.796706	Pimpri	Near Railway line Patra Shed Ramabai Nagar	Slum area	CT	Both	4	2	6	No
Pimpri Chinchwad	B	16	18.6464555	73.7558493	 Ravet	"Sector 29, Ravet, Pimpri-Chinchwad, Maharashtra"	Park	PT	Both	1	1	2	No
Pimpri Chinchwad	B	16	18.6603839	73.7320603	 Madras Bombay Trunk Rd	"BRT Bus Terminal Mukai Chowk, Madras Bombay Trunk Rd, Ravet, Pimpri-Chinchwad, Maharashtra"	Bus Terminal	PT	Both	2	3	5	No
Pimpri Chinchwad	B	16	18.6493479	73.7584295	 Ravet	"Ramabainagar  slum area, Behind Navashakti Society, Ravet, Pimpri-Chinchwad, Maharashtra"	 Slum area	CT	Both	4	4	8	No
Pimpri Chinchwad	B	16	18.6557146	73.7189598	Kiwale	"Mahadev Mandir Rd.,Kiwale, Ravet, Pimpri-Chinchwad, Maharashtra"	Residential area  	CT	Both	3	3	6	No
Pimpri Chinchwad	B	16	18.6749739	73.7354749	 Mountbatten Camp	"MB Camp Rd, Mountbatan Camp, Pimpri-Chinchwad, Maharashtra"	Residential area  	CT	Both	6	6	12	No
Pimpri Chinchwad	B	16	18.6753618	73.7360549	 Mountbatten Camp	"MB Camp Rd, Mountbatan Camp, Kiwale, Pimpri-Chinchwad, Maharashtra"	Residential area  	CT	Both	6	6	12	No
Pimpri Chinchwad	B	16	18.6760111	73.7362473	 Mountbatten Camp	"Old Mumbai - Pune Hwy, Mountbatan Camp, Dehu Road, Maharashtra"	Residential area  	CT	Both	6	6	12	No
Pimpri Chinchwad	B	16	18.6699073	73.718946	 Siddharth Nagar	"NJ Jain, Siddharth Nagar, St Tukaram Nagar, Mamurdi, Dehu Road, Maharashtra"	Residential area  	CT	Both	0	4	4	No
Pimpri Chinchwad	B	17	18.6422369	73.774139	 Sukh Nagari	"Bijli Nagar Rd, Sukh Nagari, Bijali Nagar, Om Colony, Akurdi, Pimpri-Chinchwad, Maharashtra"	Park	PT	Both	2	0	2	No
Pimpri Chinchwad	B	17	18.6395406	73.7802637	 Chinchwad	"Premlok Park, Chinchwad, Pimpri-Chinchwad, Maharashtra"	Garden	PT	Both	1	1	2	No
Pimpri Chinchwad	B	17	18.6340862	73.758512	 Jay Malhar Colony	"Guru Dutta Rd, Jay Mallhar Colony, Behind PCMC Hospital, Walhekarwadi, Sector No. 32, Nigdi, Pimpri-Chinchwad, Maharashtra"	Residential area  	CT	Both	8	10	18	No
Pimpri Chinchwad	B	17	18.6448306	73.7806382	"Dalvi Nagar, Padharkar Chal"	"Kai Radhabai Dalvi Marg,Pandharpur Chal, Dalvinagar, Akurdi, Pimpri-Chinchwad, Maharashtra"	Slum area	CT	Both	8	8	16	No
Pimpri Chinchwad	B	17	18.64296	73.7830042	 Chinchwad	"Bhoirnagar,Near library, Chinchwad, Pimpri-Chinchwad, Maharashtra"	Residential area  	CT	Both	4	4	8	No
Pimpri Chinchwad	B	17	18.6424462	73.7825593	 Indira Nagar	"Aditya Heights, Indira Nagar, Bhoirnagar, Chinchwad, Pimpri-Chinchwad, Maharashtra"	Residential area  	CT	Both	2	2	4	No
Pimpri Chinchwad	B	17	18.6335742	73.7618776	 Walhekarwadi	"Jay Mallhar Colony, Walhekarwadi, Sector No. 32, Nigdi, Pimpri-Chinchwad, Maharashtra"	Residential area  	CT	Both	6	4	10	No
Pimpri Chinchwad	B	17	18.6338303	73.7611699	 Tuka Ram Nagar	"Jay Mallhar Colony, Tuka Ram Nagar,Walhekarwadi, Sector No. 32, Nigdi, Pimpri-Chinchwad, Maharashtra"	Residential area  	CT	Both	8	6	14	No
Pimpri Chinchwad	B	17	18.6442536	73.7695872	Slum area 	"Akurdi Chikhali Rd, Jhopadpatti, Bijlinagar, Nigdi, Pimpri-Chinchwad, Maharashtra"	Residential area  	CT	Both	4	4	8	No
Pimpri Chinchwad	B	18	18.6289435	73.7806671	 Gandhi Peth	"Chapekar chowk, Gandhi peth,Near vegetable market, Chinchwad, Pimpri-Chinchwad, Maharashtra"	Market	PT	Both	9	10	19	Yes
Pimpri Chinchwad	B	18	18.6270017	73.7820501	Chinchwad Bus stop	"Near Moraya Hospital, near power house chowk ,Chinchwad Gaon. "	Bus stop 	PT	Both	8	7	15	Yes
Pimpri Chinchwad	B	18	18.6206522	73.7853693	 Goyal Garima	"Morya Gosavi Stadium, Goyal Garima, Vishnu Bhoir Marg, Keshav Nagar, Chinchwad, Pimpri-Chinchwad, Maharashtra"	Road side	PT	Both	2	2	4	No
Pimpri Chinchwad	B	18	18.6251693	73.7785318	 Moraya gosavi temple	"BESIDE MORAYA GOSAVI TEMPLE, Chinchwad Gaon, Chinchwad, Pimpri-Chinchwad, Maharashtra"	Temple area	PT	Both	8	9	17	Yes
Pimpri Chinchwad	B	18	18.627371	73.7789687	Jijau pariyatan kendra 	"Morya Gosavi temple Rd, Chinchwad Gaon, Chinchwad, Pimpri-Chinchwad, Maharashtra"	Park	PT	Both	2	3	5	No
Pimpri Chinchwad	B	18	18.6265331	73.7837994	 Chinchwad	"Londhe Nagar,behind Talera hospital, Chinchwad, Pimpri-Chinchwad, Maharashtra"	Residential area  	CT	Both	8	6	14	No
Pimpri Chinchwad	B	18	18.6268328	73.7845344	 Keshav Nagar	"Near Talera Hospital, Bhim Nagar, Chinchwad, Pimpri-Chinchwad, Maharashtra"	Residential area  	CT	Both	7	8	15	No
Pimpri Chinchwad	B	18	18.6243276	73.7817039	Kesav nagar Muncipal School	"Behind kesav nagar Muncipal School, Chinchwad Gaon, Chinchwad, Pimpri-Chinchwad, Maharashtra"	Residential area  	CT	Both	24	12	36	No
Pimpri Chinchwad	B	18	18.6238047	73.7800303	 Chinchwad Gaon	"Near swimming tank, Chinchwad Gaon, Chinchwad, Pimpri-Chinchwad, Maharashtra"	Residential area  	CT	Both	46	12	58	No
Pimpri Chinchwad	B	18	18.63221	73.7808518	Vetal nagar Slum area 	"Vetal nagar Slum area , Chinchwad, Pimpri-Chinchwad, Maharashtra"	Residential area  	CT	Both	5	5	10	No
Pimpri Chinchwad	B	18	18.6304874	73.780273	Moryanagar Slum area	"Moryanagar Slum area, SKF Company road, Pimpri-Chinchwad, Maharashtra"	Residential area  	CT	Both	14	20	34	No
Pimpri Chinchwad	B	18	18.3747	73.4728	Laxminagar	Nr. Laxminagar Naala 	Residential area  	CT	Both	2	2	4	No
Pimpri Chinchwad	B	22	18.6201153	73.7892666	 Adarsh Nagar	"Jyotiba Garden, Adarsh Nagar, Kalewadi, Pimpri-Chinchwad, Maharashtra"	Park	PT	Both	1	2	3	No
Pimpri Chinchwad	B	22	18.6174532	73.7863853	 Adarsh Nagar	"Kalewadi Samshan Ghat, Adarsh Nagar, Kalewadi, Pimpri-Chinchwad, Maharashtra"	Burning ghat	PT	Both	1	1	2	No
Pimpri Chinchwad	B	22	18.6170541	73.7861318	 Adarsh Nagar	"Kalewadi Adarsh Nagar, Behind Samshan Ghat ,Pimpri-Chinchwad, Maharashtra"	Burning ghat	PT	Both	4	4	8	No
Pimpri Chinchwad	C	2	18.6780871	73.8165936	Sector No. 16 Garden	"Ayush Garden, Sector 16, Chikhali, Pimpri-Chinchwad, Maharashtra"	Garden	PT	Both	1	1	2	No
Pimpri Chinchwad	C	2	18.66372103	73.82317732	Bhaji market road sec. 16	bhaji market road sec.16 rajeshivaji	Road side	PT	Both	1	1	2	No
Pimpri Chinchwad	C	2	18.66879531	73.82661057	Moshi ghat	dashakriya ghat pune nashik highway moshi 	River side	PT	Both	1	1	2	No
Pimpri Chinchwad	C	2	18.6642297	73.81722805	Near Fire Briged Office (Fibre Toilet)	Near fire brigade sub office  Raje Shivajinagar	Roadside	PT	Both	1	1	2	No
Pimpri Chinchwad	C	2	18.6674861	73.8483495	Near Pawar Home 	"Bankarvasti Rd, Sanjay Gandhi Nagar, Borhade Wadi, Moshi, Pimpri-Chinchwad, Maharashtra"	Slum area	CT	Both	4	4	8	No
Pimpri Chinchwad	C	2	18.665804	73.8475558	Near Tanjne Home	"Bankarvasti Rd, Sanjay Gandhi Nagar, Borhade Wadi, Nar Koli House, Moshi, Pimpri-Chinchwad, Maharashtra"	Slum area	CT	Both	13	13	26	No
Pimpri Chinchwad	C	2	18.6651009	73.847939	Near Lokhande Home	"Bankarvasti Rd, Near Khade House,Sanjay Gandhi Nagar, Borhade Wadi, Moshi, Pimpri-Chinchwad, Maharashtra"	Slum area	CT	Both	10	10	20	No
Pimpri Chinchwad	C	2	18.6697718	73.8251115	Savtamali Temple	"Savatha Mali Nagar, Chikhali, Pimpri-Chinchwad, Maharashtra"	Residential area	CT	Both	7	7	14	No
Pimpri Chinchwad	C	2	18.6679422	73.8272485	Sadhna Jadhaw Home	"Jadhav Wadi, Chikhali, Pimpri-Chinchwad, Maharashtra"	Residential area	CT	Both	7	7	14	No
Pimpri Chinchwad	C	2	18.6673027	73.8252038	Sawata Mali Temple Back Side	"Sawata Mali Temple Rd, Savatha Mali Nagar, Chikhali, Pimpri-Chinchwad, Maharashtra"	Residential area	CT	Both	12	12	24	No
Pimpri Chinchwad	C	2	18.6236061	73.8000498	Mahadev Temple	"Chikhali Akurdi Rd, Vrindavan Chikhali Patil Nagar, Chikhali, Pimpri-Chinchwad, Maharashtra"	Gaothan area	CT	Both	4	4	8	No
Pimpri Chinchwad	C	2	18.6225267	73.7992935	Samshan Bhumi	"Moi Bypass, Jadhav Wadi, Chikhali, Pimpri-Chinchwad, Maharashtra"	Gaothan area	CT	Both	13	13	26	No
Pimpri Chinchwad	C	2	18.6660653	73.7729864	Rokdewasti (Samaj Mandir Samor)	"Dehu Alandi Rd, Patilnagar, Gitai Colony, Chikhali, Pimpri-Chinchwad, Maharashtra"	Gaothan area	CT	Both	9	9	18	No
Pimpri Chinchwad	C	6	18.6275028	73.8526341	Nashik Road Petrol Pump	"Chakan - Nanekarwadi - Pune, Vitthal Arcade, Bhosari Gaonthan, Bhosari, Pimpri-Chinchwad, Maharashtra"	Roadside	PT	Both	1	0	1	No
Pimpri Chinchwad	C	6	18.6305976	73.8474669	Shiv Ganesh Dhawdewasti	"Shiv Ganesh Marg, Dhawade Vasahat, Dhavdevasti, Hanuman Nagar, Bhosari, Pimpri-Chinchwad, Maharashtra"	Gaothan area	CT	Both	8	0	8	No
Pimpri Chinchwad	C	6	18.6312431	73.8469461	Bholu Landge Marg Dhawdewasti	"Shiv Ganesh Marg, Bhulu Ladge Mrg Dhawade Wasti, Dhawade Vasahat, Dhavdevasti, Hanuman Nagar, Bhosari, Pimpri-Chinchwad, Maharashtra"	Gaothan area	CT	 Female	10	0	10	No
Pimpri Chinchwad	C	6	18.6303175	73.8479149	Behind Samarat Dhaba Dhawdewasti	"Shiv Ganesh Marg, Dhawade Vasahat, Hanuman Nagar, Bhosari, Pimpri-Chinchwad, Maharashtra"	Gaothan area	CT	Both	6	8	14	No
Pimpri Chinchwad	C	6	18.6289155	73.8508329	Sadgurunagar 	"Pune - Nashik Hwy, Sadgurunagar, Dhawade Wasti, Landge Wasti, Bhosari, Pimpri-Chinchwad, Maharashtra"	Gaothan area	CT	Both	5	5	10	No
Pimpri Chinchwad	C	8	18.659752	73.827339	Spine Road Bridge near (Kranti chowk)	Spine road tata motors	Open Space	PT	Male	1	1	2	No
Pimpri Chinchwad	C	8	18.655123	73.844505	In Front Of  RTO Sec No 4	In Front Of  RTO Sec No 4	Footpath 	PT	Both	1	1	2	No
Pimpri Chinchwad	C	8	18.6340857	73.8476055	Madgiri Garden Indrayninagar	"Jai Malhar Rd, Sector No. 1, Bhosari, Pimpri-Chinchwad, Maharashtra"	Garden	PT	Both	1	1	2	No
Pimpri Chinchwad	C	8	18.6370608	73.8433804	Ramkrushn more garden	"Rajwada sector 2, Indrayani Nagar Sector 2, Bhosari, Pimpri-Chinchwad, Maharashtra"	Garden	PT	Male	1	1	2	No
Pimpri Chinchwad	C	8	18.663631	73.836403	Opposite Silver Blue Hotel	Boradewadi road	Footpath 	PT	Male	1	1	2	No
Pimpri Chinchwad	C	8	18.661383	73.848251	Moshi Bajar Samiti Samor	Boradewadi road	Footpath 	PT	Male	1	1	2	No
Pimpri Chinchwad	C	8	18.639633	73.850449	Skating ground	Pune Nashik Road	Skating ground 	PT	Both	3	3	6	No
Pimpri Chinchwad	C	8	18.6453864	73.8269799	Khandevasti	"Khande Wasti, Pimpri Chinchwad New Twp Development Authority, MIDC, Bhosari, Pimpri-Chinchwad, Maharashtra"	Slum area	CT	Both	13	13	26	No
Pimpri Chinchwad	C	8	18.6357745	73.8260864	Adak kirana dukan gavalimatha	"Magar Stadium Rd, Yashwantnagar, Bhosari, Pimpri-Chinchwad, Maharashtra"	Slum area	CT	Both	10	9	19	No
Pimpri Chinchwad	C	8	18.6355279	73.8260675	 Adak kirana dukan gavalimatha	"Magar Stadium Rd, Yashwantnagar, Near Former Corporate House, Bhosari, Pimpri-Chinchwad, Maharashtra"	Slum area	CT	Both	6	4	10	No
Pimpri Chinchwad	C	8	18.6353726	73.8259081	Sonavane ghara javal gavalimatha	"Magar Stadium Rd, Near Rakshe House, Yashwantnagar, Bhosari, Pimpri-Chinchwad, Maharashtra"	Slum area	CT	Female	0	10	10	No
Pimpri Chinchwad	C	8	18.6359302	73.8264459	Sulabh magil baju gavalimatha	"Bhosari Telco Rd, Near More House, MIDC, Bhosari, Pimpri-Chinchwad, Maharashtra"	Slum area	CT	Both	6	4	10	No
Pimpri Chinchwad	C	8	18.6330341	73.8300087	Bansode ghara javal Balajinagar	"Balaji Nagar,Bhosari Telco Rd, MIDC, Bhosari, Pimpri-Chinchwad, Maharashtra"	Slum area	CT	Both	10	16	26	No
Pimpri Chinchwad	C	8	18.6322519	73.8306483	Sulabh Balajinagar	"Nigadi Bhosari Rd, Near Country Bar, MIDC, Bhosari, Pimpri-Chinchwad, Maharashtra"	Slum area	CT	Both	8	6	14	No
Pimpri Chinchwad	C	8	18.6334864	73.8309135	Khan  ghara javal Balajinagar	"Bhosari Telco Rd, Near Khan House, MIDC, Bhosari, Pimpri-Chinchwad, Maharashtra"	Slum area	CT	Female	0	14	14	No
Pimpri Chinchwad	C	8	18.6334942	73.8308572	Khan  ghara javal Balajinagar	"Bhosari Telco Rd, MIDC, Bhosari, Balaji Nagar, Pimpri-Chinchwad, Maharashtra"	Slum area	CT	Male	6	0	6	No
Pimpri Chinchwad	C	8	18.6344438	73.8313603	Balajinagar nala javal	"MIDC, Balaji Nagar, Bhosari, Pimpri-Chinchwad, Maharashtra"	Slum area	CT	Female	10	0	10	No
Pimpri Chinchwad	C	8	18.6344754	73.8313751	Balajinagar nala javal	"MIDC, Bhosari, Balaji Nagar,Pimpri-Chinchwad, Maharashtra"	Slum area	CT	Male	0	14	14	No
Pimpri Chinchwad	C	8	18.6343859	73.8317214	Sirshatbai  ghara javal Balajinagar	"MIDC, Near Shirst House, Balaji Nagar,Bhosari, Pimpri-Chinchwad, Maharashtra"	Slum area	CT	Both	7	7	14	No
Pimpri Chinchwad	C	8	18.6342149	73.8275027	Ganesh nagar	"Bhosari Telco Rd, MIDC, Bhosari, Pimpri-Chinchwad, Maharashtra"	Slum area	CT	Both	10	10	20	No
Pimpri Chinchwad	C	8	18.624338	73.843025	Shantinagar slum	"Shantinagar Slum area,Bhosari"	Slum area	CT	Female	0	8	8	No
Pimpri Chinchwad	C	8	18.635607	73.831718	Balajinagar behind	"Balajinagar Slum area,Bhosri,Telco road "	Slum area	CT	Male	4	0	4	No
Pimpri Chinchwad	C	8	18.633373	73.833992	Balajinagar behind J 80 	"Balajinagar Slum area, Bhosari, Telco road "	Slum area	CT	Male	2	0	2	No
Pimpri Chinchwad	C	8	18.641134	73.843521	Ganpat Landage Chawl	"Ganpat ,Landge Chawl, Indrayninagar"	Residential area	CT	Both	2	0	2	No
Pimpri Chinchwad	C	9	18.626324	73.811111	Anandibai Lonkar Virungula Kendra	Anandibai Lonkar Virungula Kendra	Garden	PT	Both	1	1	2	No
Pimpri Chinchwad	C	9	18.631795	73.814119	Narayan Atale Virungula Kendra	Narayan Atale Virungula Kendra	Garden	PT	Both	2	1	3	No
Pimpri Chinchwad	C	9	18.626383	73.811889	"Vavale Garden, Kharalwadi"	"Vavale Garden, Kharalwadi"	Garden	PT	Both	1	0	1	No
Pimpri Chinchwad	C	9	18.6308267	73.8246367	Janta Sahakari Bank	"Pimpri - Bhosari Rd, Mukesh Nagar, Nehru Nagar, Pimpri Colony, Pimpri-Chinchwad, Maharashtra"	Road Side	PT	Both	0	1	1	No
Pimpri Chinchwad	C	9	18.637099	73.811643	Annasaheb Magar Stadium	Annasaheb Magar Stadium	Stadium Area	PT	Both	16	8	24	No
Pimpri Chinchwad	C	9	18.6321864	73.8222251	Near Jawaharlal Nehru Municipal School	"Old Telco Rd, Kuldeep Angan Society, Near PCMC School,Nehru Nagar, Pimpri Colony, Pimpri-Chinchwad, Maharashtra"	Slum area	CT	Both	12	14	26	No
Pimpri Chinchwad	C	9	18.6319221	73.8237612	Near Municipal School Vitthal Nagar	"Kuldeep Angan Society, Nehru Nagar, Pimpri Colony, Pimpri-Chinchwad, Maharashtra"	Slum area	CT	Both	4	4	8	No
Pimpri Chinchwad	C	9	18.6326561	73.8234625	Walmiki Galli Kuldeep Aangan (Vitthal Nagar)	"Old Telco Rd, Kuldeep Angan Society,Mandhare Chawl, Vitthal Nagar Slum,Nehru Nagar, Pimpri Colony, Pimpri-Chinchwad, Maharashtra"	Slum area	CT	Both	5	5	10	No
Pimpri Chinchwad	C	9	18.6331369	73.8237317	Shankar Mandir	"Old Telco Rd, Kuldeep Angan Society, Nehru Nagar, Pimpri Colony, Pimpri-Chinchwad, Maharashtra"	Residential area	CT	Both	4	4	8	No
Pimpri Chinchwad	C	9	18.6316817	73.8156667	Noor Mohalla	"Vaastu Udyog, Tukaram Masulkar Road, Vaastu Udyog Colony, Udhyamnagar, Pimpri Colony, Pimpri-Chinchwad, Maharashtra 4"	Residential area	CT	Both	5	5	10	No
Pimpri Chinchwad	C	9	18.6261517	73.8106117	Shedge Waqar Prakash Decorator Behind Kharalwadi	"Complex 3, Kharalwadi, Pimpri Colony, Pimpri-Chinchwad, Maharashtra"	Residential area	CT	Both	18	25	43	No
Pimpri Chinchwad	C	9	18.6252283	73.8077167	Gandinagar Slum	"Indrani Nagar, Kharalwadi, Pimpri Colony, Pimpri-Chinchwad, Maharashtra"	Residential area	CT	Both	8	8	16	No
Pimpri Chinchwad	C	9	18.6248433	73.80941	Near Patil Hospital	"Agrasen Bhavan Rd, Kharalwadi, Pimpri Colony, Pimpri-Chinchwad, Maharashtra"	Residential area	CT	Both	10	10	20	No
Pimpri Chinchwad	C	9	18.628125	73.80996	Bajrang Nagar Near masjid	"Near Savitri apartments, Pimpri - Bhosari Rd, Gandhi Nagar, Kharalwadi, Pimpri Colony, Pimpri-Chinchwad, Maharashtra"	Residential area	CT	Both	11	12	23	No
Pimpri Chinchwad	C	9	18.6281017	73.8226883	Near Sonarupa Building	"Mukesh Nagar, Pimpri Colony, Pimpri-Chinchwad, Maharashtra"	Residential area	CT	Both	13	13	26	No
Pimpri Chinchwad	C	9	18.6287774	73.8073534	Near Jaiganesh Varadhast	"Jai Ganesh Varadhasta Complex, Nehru Nagar Rd, Nana Peth, Morewadi, Pimpri Colony, Pimpri-Chinchwad, Maharashtra"	Slum area	CT	Male	2	2	4	No
Pimpri Chinchwad	C	9	18.6382899	73.8225004	Yashwantnagar Slum	"Yashwantnagar, Pimpri Colony, Pimpri-Chinchwad, Maharashtra"	Slum area	CT	Both	12	8	20	No
Pimpri Chinchwad	C	9	18.6278927	73.8089006	Slum area 	"Pimpri - Bhosari Rd, Gandhi Nagar, Kharalwadi, Pimpri Colony, Pimpri-Chinchwad, Maharashtra"	Slum area	CT	Both	13	13	26	No
Pimpri Chinchwad	C	9	18.6266997	73.8076498	Bhagvat gita Mandir	"Kharalwadi, Near Bhagwat Gita Office,Pimpri Colony, Pimpri-Chinchwad, Maharashtra"	Slum area	CT	Both	26	26	52	No
Pimpri Chinchwad	C	9	18.6266234	73.807666	Gandhi Nagar	"Kharalwadi, Pimpri Colony, Pimpri-Chinchwad, Maharashtra"	Slum area	CT	Both	24	24	48	No
Pimpri Chinchwad	C	9	18.628091	73.986167	Khadani Lagat Gandhinagar	Khadani Lagat Gandhinagar	Slum area	CT	Female	0	24	24	No
Pimpri Chinchwad	C	9	18.63402	73.814888	Pillai Sabaghuha Javal	"Pillai Sabaghuha Javal,Masulkar Colony, Ajmera Housing Society, Pimpri Colony, Pimpri?Chinchwad  Maharashtra 411018"	Residential Area	PT	Both	2	2	4	No
Pimpri Chinchwad	D	25	18.5894833	73.76104	Wakad gaothan 	"Wakad gaothan, Pimpri-Chinchwad, Maharashtra"	Burning ghat	PT	Both	1	1	2	No
Pimpri Chinchwad	D	25	18.6396567	73.7448467	"Ram mandir ghat ,Punawale, "	"Ram mandir ghat ,Punawale, Pimpri-Chinchwad, Maharashtra"	Ram mandir ghat 	PT	Both	1	1	2	No
Pimpri Chinchwad	D	25	18.6377933	73.7446117	"PCMC Dispensary, Punawale,"	"PCMC Dispensary, Punawale, Dattwadi, Maharashtra"	Road side	PT	Both	1	1	2	No
Pimpri Chinchwad	D	25	18.6394483	73.747905	Buddha Vihar Punawale	"Near Samshan Bhumi, Punawale bandhara, Pimpri-Chinchwad, Maharashtra"	Burning ghat	PT	Both	1	1	2	No
Pimpri Chinchwad	D	25	18.6306733	73.7537633	"Near Narsingha temple, Tathawade."	"Near Narsingha temple, Tathawade, Pimpri-Chinchwad, Maharashtra"	Gaothan area	CT	Male	7	0	7	No
Pimpri Chinchwad	D	25	18.6302467	73.7546167	"Sutar panawatha, Tathawade"	"Sutar panawatha, Tathawade, Pimpri-Chinchwad, Maharashtra"	Gaothan area	CT	Both	4	4	8	No
Pimpri Chinchwad	D	25	18.6298133	73.7553783	Opp. Mhatoba Temple	"Opp. Mhatoba Temple, Tathawade, Pimpri-Chinchwad, Maharashtra"	Slum area 	CT	Both	5	6	11	No
Pimpri Chinchwad	D	25	18.607815	73.7552083	Kala Khadak	"MM Rd,near PCMC water tank, Kalakhadak, Kala Khadak, Tathawade, Pimpri-Chinchwad, Maharashtra"	Slum area	CT	Both	12	12	24	No
Pimpri Chinchwad	D	25	18.6076133	73.753875	Kala Khadak	"Paduka Chowk, Kala Khadak, Tathawade, Pimpri-Chinchwad, Maharashtra"	Slum area	CT	Both	12	11	23	No
Pimpri Chinchwad	D	26	18.6033985	73.7701499	"Kalewadi - Wakad Rd, "	"Saheed Ombale garden,Kalewadi - Wakad Rd, Kaveri Nagar, Wakad, Pimpri-Chinchwad, Maharashtra"	Garden	PT	Both	2	2	4	No
Pimpri Chinchwad	D	26	18.5672679	73.7958908	Pimple Nilakh Garden Rd	"Pimple Nilakh Garden Rd, Bharat Electronics Colony, Pimple Nilakh, Pune, Maharashtra"	Burning ghat	PT	Both	6	6	12	No
Pimpri Chinchwad	D	26	18.5930951	73.7819951	Kshitij Colony road	"Savitribai phule garden,Kshitij Colony Rd, Park Street, Wakad, Pimpri-Chinchwad, Maharashtra"	Garden	PT	Both	1	2	3	No
Pimpri Chinchwad	D	26	18.5720153	73.7906739	"Ingwale ali,"	"Ingwale ali, Pimple Nilakh, Pimpri-Chinchwad, Maharashtra"	 Gaothan Area	CT	Both	16	10	26	No
Pimpri Chinchwad	D	26	18.56963	73.7906607	Pimple Nilakh-Baner Bridge Rd	"Pimple Nilakh-Baner Bridge Rd, Panchasheel Nagar,N0-2 Pimple Nilakh, Pimpri-Chinchwad, Maharashtra"	Gaothan area	CT	Both	8	8	16	No
Pimpri Chinchwad	D	26	18.5692862	73.7908762	Pimple Nilakh-Baner Bridge Rd	"Pimple Nilakh-Baner Bridge Rd, Panchasheel Nagar, Pimple Nilakh, Pimpri-Chinchwad, Maharashtra"	 Gaothan area	CT	Both	5	5	10	No
Pimpri Chinchwad	D	26	18.5694397	73.7905859	Panchasheel Nagar	"Panchasheel Nagar, Pimple Nilakh, Pimpri-Chinchwad, Maharashtra"	Residential area 	CT	Male	8	0	8	No
Pimpri Chinchwad	D	26	18.6020247	73.7730388	PCMC Gym	"Annabhau Sathe Nagar near Kaverinagar police line ,Pimpri-Chinchwad, Maharashtra"	Slum area	CT	Both	12	10	22	No
Pimpri Chinchwad	D	26	18.571526	73.793803	Pimple Nilakh Bus Stop	"Pimple Nilakh, Pimpri Chinchwad, Maharashtra"	Bus Stop	PT	Both	2	2	4	No
Pimpri Chinchwad	D	28	18.6020969	73.8027899	"Samshan Bhumi, Pimple Saudagar"	"Pimple Saudagar Rd, Samshan Bhumi, Pimple Saudagar, Pimpri-Chinchwad, Maharashtra"	Burning ghat	PT	Both	2	2	4	No
Pimpri Chinchwad	D	28	18.6013121	73.8005819	"Near Gymnasium , Pimple Saudagar,"	"Pimple Saudagar Gaon,Near Gymnasium , Pimple Saudagar, Pimpri-Chinchwad, Maharashtra"	Road side	PT	Male	1	0	1	No
Pimpri Chinchwad	D	28	18.6006829	73.8001472	Viswasanti Colony	"Pimple Saudagar Gaon, Pimple Saudagar, Pimpri-Chinchwad, Maharashtra"	Residential area  	CT	Both	20	20	40	No
Pimpri Chinchwad	D	28	18.6020969	73.8027899	"Samshan Bhumi, Pimple Saudagar"	"Pimple Saudagar Rd, Samshan Bhumi, Pimple Saudagar, Pimpri-Chinchwad, Maharashtra"	Residential area 	CT	Both	2	2	4	No
Pimpri Chinchwad	D	28	18.6018516	73.8022761	"Near Samshan bhumi,Pimple Saudagar Rd, "	"Pimple Saudagar Rd,Pimple Saudagar, Pimpri-Chinchwad, Maharashtra"	Residential area  	CT	Male	20	0	20	No
Pimpri Chinchwad	D	28	18.6018443	73.8017015	"Datta Temple Ghat,"	"Datta Temple Ghat, Pimple Saudagar Rd, Mithila Nagari, Pimple Saudagar, Pimpri-Chinchwad, Maharashtra"	Residential area  	CT	Female	0	8	8	No
Pimpri Chinchwad	D	28	18.6010679	73.8018554	"Mithila Nagari,"	"Mithila Nagari, Pimple Saudagar, Pimpri-Chinchwad, Maharashtra"	Residential area  	CT	Male	1	0	1	No
Pimpri Chinchwad	D	29	18.5922659	73.8197735	"PCMC School, Pimple Gurav"	Opp. MA. Jagtap Complex  Pimple Gurav	Road side	PT	Male	8	0	8	No
Pimpri Chinchwad	D	29	18.594226	73.819552	Pimple Gurav	"Visargan Ghat, Bus Depot, Pimple Gurav"	Bus stop	PT	Both	8	8	16	No
Pimpri Chinchwad	D	29	18.5966776	73.8139844	Vaiduwasti Pimple Gurav	"Vaiduwasti Kehlni Maidan, Pimple Gurav"	Residential area  	CT	Both	6	6	12	No
Pimpri Chinchwad	D	29	18.5940649	73.8214627	Samshanbhumi Pimple Gurav	"Pimple Gurav Rd, Prabhat Nagar, Creamation Ground,Pimple Gurav, Pimpri-Chinchwad, Maharashtra"	Residential area	CT	Both	8	8	16	No
Pimpri Chinchwad	E	3	18.677366	73.849946	Moshi	Moshi chowk	Road side	PT	Both	2	2	4	Yes
Pimpri Chinchwad	E	3	18.653458	73.908087	Charholi	Charholi Gaonthan 	Market 	PT	Both	1	2	3	Yes
Pimpri Chinchwad	E	3	18.6766283	73.850015	Moshi	Near Police chowki	Road side	PT	Both	1	1	2	No
Pimpri Chinchwad	E	3	18.6884717	73.846595	Moshi	Smashanbhumi	Burning ghat	PT	Both	1	1	2	No
Pimpri Chinchwad	E	3	18.6830923	73.8788273	Dudulgaon	Smashanbhumi	Burning ghat	PT	Both	1	1	2	No
Pimpri Chinchwad	E	3	18.6784693	73.8531797	Moshi	Boudhvasti	Residential area 	CT	Both	7	7	14	No
Pimpri Chinchwad	E	3	18.6785017	73.8503883	Moshi	Hanuman aali	Residential area 	CT	Both	6	4	10	No
Pimpri Chinchwad	E	3	18.6787333	73.8512417	Moshi	Alhat aali	Residential area 	CT	Both	6	6	12	No
Pimpri Chinchwad	E	3	18.6789133	73.8519718	Moshi	Kute aali	Residential area 	CT	Both	4	4	8	No
Pimpri Chinchwad	E	3	18.6529617	73.9159583	Charholi	Charholi gaothan 	Residential area 	CT	Both	2	2	4	No
Pimpri Chinchwad	E	3	18.6537067	73.9080817	Charholi	Karmaveer society	Residential area 	CT	Both	5	9	14	No
Pimpri Chinchwad	E	3	18.63357	73.875317	"PT of Magzine Chowk, dighi"	"PT of Magzine Chowk, dighi"	Road side	PT	Both	2	2	4	Yes
Pimpri Chinchwad	E	4	18.6131317	73.871735	Dighi	"Alandi Rd, Dighi Gaonthan, Backside of Dighi Smashan Bhumi,Dighi, Pimpri-Chinchwad, Maharashtra"	Road side	PT	Both	2	4	6	No
Pimpri Chinchwad	E	4	18.61392	73.8725817	Dighi	"Alandi Rd, Dighi Gaonthan"	Residential area 	CT	Both	7	7	14	No
Pimpri Chinchwad	E	4	18.617852	73.86603	Dighi	"Yamai nagar, near dighi dafanbhomi, "	Slum area	CT	Both	2	2	4	No
Pimpri Chinchwad	E	4	18.5875683	73.8596733	Bopkhel	"Ram nagar, Near by valmikee tempal, Bopkhel, Pune, Maharashtra"	Slum area	CT	Both	12	12	24	No
Pimpri Chinchwad	E	4	18.584335	73.8531117	Bopkhel	" Near by Sree. Bhaosaheb supe house, BopkhelGaonthan, Pune, Maharashtra"	Residential area 	CT	Both	9	7	16	No
Pimpri Chinchwad	E	4	18.58322	73.854542	Bopkhel	"Near Bopkhel Smashan Bhumi, BopkhelGaonthan, Pune, Maharashtra"	Residential area 	CT	Both	11	11	22	No
Pimpri Chinchwad	E	5	18.624	73.856	Alandi road	Sakhubai gawli garden	Parking area	PT	Both	2	1	3	Yes
Pimpri Chinchwad	E	5	18.622035	73.855495	Gavlinagar Bhosari	near Lala Gavali gotha 	Residential area 	CT	Both	16	16	32	No
Pimpri Chinchwad	E	7	18.623692	73.851397	Pune Nashik road	Under Rajmata Jijau flyover	Market area	PT	Both	5	3	8	Yes
Pimpri Chinchwad	E	7	18.615	73.843	Pune Nashik road	Babar petrol pump	Road side	PT	Both	1	1	2	No
Pimpri Chinchwad	E	7	18.6236467	73.85024	Near Bhosari lake	"Landage chawl, Phuge chawl, Shinde chawl  near Munjaba chowk"	Residential area 	CT	Female	0	10	10	No
Pimpri Chinchwad	E	7	18.6264167	73.85155	Gavhane vasti	samta chowk (nandi bail)	Residential area 	CT	Both	2	2	4	No
Pimpri Chinchwad	E	7	18.6185167	73.8529617	Khandoba mall	Kisan Shinde chawl	Residential area 	CT	Both	4	4	8	No
Pimpri Chinchwad	E	7	18.6185467	73.8528233	Khandoba mall	Gulab Shinde chawl	Residential area 	CT	Both	2	2	4	No
Pimpri Chinchwad	E	7	18.6187967	73.852915	Khandoba mall	Lakshman Shinde chawl	Residential area 	CT	Both	4	6	10	No
Pimpri Chinchwad	E	7	18.6188517	73.8531317	Khandoba mall	Gajanan housing society	Residential area 	CT	Both	6	6	12	No
Pimpri Chinchwad	E	7	18.61505	73.8464783	Khandoba mall	Bandu Phuge chawl	Residential area 	CT	Both	2	2	4	No
Pimpri Chinchwad	E	7	18.625535	73.8430017	Shantinagar	near ashram shala	Slum area	CT	Male	26	0	26	No
Pimpri Chinchwad	E	7	18.623435	73.8434867	Shantinagar	Shantinagar zopdpatti	Slum area	CT	Female	0	10	10	No
Pimpri Chinchwad	E	7	18.6243533	73.845385	Shantinagar	Behind Londhe office	Slum area	CT	Both	7	6	13	No
Pimpri Chinchwad	E	7	18.617615	73.8492983	Pune Nashik road	"Bhopte chawl,behind mahindra showroom"	Residential area 	CT	Both	6	4	10	No
Pimpri Chinchwad	F	1	18.6901915	73.8101981	Indira Nagar	"Anjaanii Gatha Rd, Chikhali, Pimpri-Chinchwad, Maharashtra"	Residential area 	CT	Both	7	7	14	No
Pimpri Chinchwad	F	11	18.66481	73.792909	Guatambudh Garden	Mahatma phule nagar	Garden	PT	Both	2	4	6	No
Pimpri Chinchwad	F	11	18.668044	73.793377	Sai krushan Garden	"Krushana nagar , water tank"	Garden	PT	Both	3	5	8	No
Pimpri Chinchwad	F	11	18.669771	73.792634	Mhetre Garden	Mhetre wasti	Garden	PT	Both	2	3	5	No
Pimpri Chinchwad	F	11	18.663303	73.7999815	Jogging park	Shivaji park	Garden	PT	Both	3	5	8	No
Pimpri Chinchwad	F	11	18.668351	73.78609	Durganagar	Durganagar priya kitchan trolly near	Slum area	CT	Both	4	4	8	No
Pimpri Chinchwad	F	11	18.662494	73.789678	Durganagar Office Near	Durganagar Office Near	Slum area	CT	Both	3	0	3	No
Pimpri Chinchwad	F	11	18.660293	73.789943	Durganagar Office Near	Durganagar Office Near	Slum area	CT	Both	0	2	2	No
Pimpri Chinchwad	F	11	18.662422	73.79079	T.C.I Rransport Behind	T.C.I Rransport behind	Slum area	CT	Both	9	9	18	No
Pimpri Chinchwad	F	11	18.662311	73.79246	Dhotre newas	Dhotre newas	Slum area	CT	Both	9	9	18	No
Pimpri Chinchwad	F	11	18.6602264	73.792275	Bhopale chowk	Bhopale Chowk	Slum area	CT	Both	5	5	10	No
Pimpri Chinchwad	F	11	18.660293	73.689943	Ramabai School near	Ramabai School near	Slum area	CT	Both	6	4	10	No
Pimpri Chinchwad	F	11	18.664042	73.794145	Kalbhor Chawl	Kalbhor chawl	Gaothan area	CT	Both	6	2	8	No
Pimpri Chinchwad	F	11	18.66835	73.794898	Patra Shed	Patra shed	Slum area	CT	Both	8	8	16	No
Pimpri Chinchwad	F	11	18.66972	73.796169	Bhimshakti Nagar Masakeniwas	Bhimshakti Nagar Masakeniwas	Slum area	CT	Both	5	5	10	No
Pimpri Chinchwad	F	11	18.668692	73.791749	Bhimshikti Nagar 	Bhimshikti Nagar 	Slum area	CT	Both	5	4	9	No
Pimpri Chinchwad	F	11	18.66538	73.798935	Swami Viveknanad Badminton Hall	"Swami Viveknanad Badminton Hall, Yashaswi Apartments, M Phulenagar, Sector No. 18, Chinchwad, Pimpri?Chinchwad,Maharashtra"	Badminton Hall	PT	Both	4	4	8	No
Pimpri Chinchwad	F	12	18.699478	73.794767	Chavan Vasti	Talawade 	Residential area 	CT	Both	7	7	14	No
Pimpri Chinchwad	F	12	18.699133	73.792908	Kudapne Vasti	Talawade 	Residential area 	CT	Both	7	7	14	No
Pimpri Chinchwad	F	12	18.698782	73.791318	Peerbaba Darga	Talawade	Residential area 	CT	Both	6	4	10	No
Pimpri Chinchwad	F	13	18.665237	73.773175	Bhakiti shakti chowk nigdi	Anna bhau sathe bus terminal 	Bus stop	PT	Both	1	8	9	Yes
Pimpri Chinchwad	F	13	18.66348	73.785303	"Nananani park ,Yamuna nagar"	Bajaj Auto Gate Yamunanagar	Garden	PT	Both	1	2	3	No
Pimpri Chinchwad	F	13	18.65967	73.77771	Besides Maharana pratap garden	Nigdi Bus stop	Bus stop	PT	Both	6	10	16	Yes
Pimpri Chinchwad	F	13	18.665885	73.783617	Near Kit Nashak office	Maral Udayan	Garden	PT	Both	2	4	6	No
Pimpri Chinchwad	F	13	18.665631	73.773125	Annabhau sathe nagar	Nigdi Vasaht Nigdi	Slum area	CT	Both	48	48	96	No
Pimpri Chinchwad	F	13	18.668002	73.78084	"Raj nagar, Nigdi"	Dalavinagar sec 22	Slum area	CT	Both	4	4	8	No
Pimpri Chinchwad	F	13	18.668017	73.778424	Kalbhor gothan Sec 22	Spine Road sec 22	Slum area	CT	Both	4	4	8	No
Pimpri Chinchwad	F	13	18.668353	73.778036	kalbhor gothan Sec 22	Kalbhor gothan Sec 22	Slum area	CT	Both	8	8	16	No
Pimpri Chinchwad	F	13	18.668061	73.779221	"Near nala , Kalbhor gothan"	Kalbhor gothan Sec 22	Slum area	CT	Both	4	4	8	No
Pimpri Chinchwad	F	13	18.6609	73.77809	Nigdi Gaothan	Datta Mandir Nigdi Gaothan	Residential area 	CT	Both	0	12	12	No
Pimpri Chinchwad	F	13	18.660836	73.775916	Nigdi Gaothan	Sharma compound 	Residential area 	CT	Both	9	9	18	No
Pimpri Chinchwad	G	21	18.61478	73.805255	Near Register office	Pimpri  Camp	Garden	PT	Both	1	1	2	No
Pimpri Chinchwad	G	21	18.61497	73.8052833	Near Dairy Farm Register Office	"Register office , Pimpri "	Commercial 	PT	Both	6	6	12	No
Pimpri Chinchwad	G	21	18.61698	73.8031883	"Behind  Malashtree Hotel, Raj Mobile"	"Geled Chowk, Pimpri"	Road side	PT	Both	2	0	2	No
Pimpri Chinchwad	G	21	18.6176233	73.8033267	Near Ayyappa Temple	"Ayyappa temple , Pimpri."	Road side	PT	Both	2	2	4	No
Pimpri Chinchwad	G	21	18.62001	73.80429	Sai chowk	"Sai Chowk , PIMPRI "	Road side	PT	Both	2	2	4	Yes
Pimpri Chinchwad	G	21	18.619236	73.8031479	"Near Gurudwara, Sulabh"	Pimpri	Road side	PT	Both	5	2	7	Yes
Pimpri Chinchwad	G	21	18.6200666	73.8016537	Near Pimpri Health Office 	Pimpri	Road side	PT	Both	1	1	2	No
Pimpri Chinchwad	G	21	18.6214492	73.7984393	Near  Subhash ghat 	Pimpri	Road side	PT	Both	5	5	10	No
Pimpri Chinchwad	G	21	18.6196333	73.7995046	Near Burning ghat	Pimpri	Road side	PT	Both	1	1	2	No
Pimpri Chinchwad	G	21	18.608526	73.797388	",Near PCMC colony,"	"Near PCMC colony,Road side ,PT,Both,8,8,16,No"	Road side	PT	Both	1	1	2	No
Pimpri Chinchwad	G	21	18.610736	73.803562	Near Balamal chawl	Balamal Chawl.	Road side	PT	Both	2	2	4	No
Pimpri Chinchwad	G	21	18.6201698	73.8007438	"Behind Dulax  Mall , Shastrinagar."	Shastrinagar.	Slum area	CT	Both	9	9	18	No
Pimpri Chinchwad	G	21	18.6185226	73.8027082	" Near Indira Gandhi School , Baldevnagar."	" Baldevnagar, Pimpri."	Slum area	CT	Both	16	5	21	No
Pimpri Chinchwad	G	21	18.617325	73.7577283	Near River  Road Sanjay Gandhi Nagar	Near River  Road Sanjay Gandhi Nagar	Slum area	CT	Both	8	7	15	No
Pimpri Chinchwad	G	21	18.612545	73.8054	"Near Kalimata mandir, Ganeshnagar."	"Ganesh nagar, Pimpri "	Slum area	CT	Both	4	4	8	No
Pimpri Chinchwad	G	23	18.61449	73.7852	Bapuji bua garden	"Rahatani link road , Sector No: 34, Bapujibua garden ,Thergaon."	Garden	PT	Both	1	1	2	No
Pimpri Chinchwad	G	23	18.61453	73.781051	Near Thergaon Goathan	Theargaon gaothan 	Roadside	PT	Both	1	1	2	No
Pimpri Chinchwad	G	23	18.615668	73.780138	"Near Greenspirit society, Theargaon."	Theargoan goathan	Gaothan area 	CT	Both	2	2	4	No
Pimpri Chinchwad	G	23	18.614272	73.782152	Near Jagtapnagar Samsanbhoomi.	"Near Jagtapnagar Samsanbhoomi, Theargaon."	Gaothan area 	CT	Both	4	4	8	No
Pimpri Chinchwad	G	23	18.616276	73.786152	Near Theargaon Samsanbhoomi.	Jagtapnagar gaothan.	Gaothan area 	CT	Both	5	0	5	No
Pimpri Chinchwad	G	24	18.6156321	73.7653157	Dange Chowk	Dange Chowk overbridge 	Market	PT	Both	8	3	11	Yes
Pimpri Chinchwad	G	24	18.607729	73.764885	"Near, Boat club"	"Boat club, Duttanagar, Theargoan"	 Garden	PT	Both	4	4	8	No
Pimpri Chinchwad	G	24	18.610513	73.766402	" Near Mathabai Dange Badminton Hall, Theargaon."	"Mathabai Dange Badminton Hall, Dange Chowk, Theargaon."	Market	PT	Both	1	1	2	No
Pimpri Chinchwad	G	24	18.613682	73.763782	" ,In the Laxmnibarne Udayan Gujjarnagar."""	"Laxmibarne Udayan, Gujarnagar, Theargaon"	Garden	PT	Both	2	2	4	No
Pimpri Chinchwad	G	24	18.607783	73.764625	Khivansalapatil Vyayam shala Ganeshnagar  Thergaon	"Khivansalapatil Vyayam shala, Ganeshnagar, Thergaon"	Road side	PT	Both	5	0	5	No
Pimpri Chinchwad	G	24	18.607783	73.764684	"Near, Balasaheb barne chawl."	"Balasaheb barne chawl,  Thergaon."	Gaothan area	CT	Both	2	2	4	No
Pimpri Chinchwad	G	24	18.607783	73.764581	Mahtoba nagar slum area.	"Mahtoba nagar, Wakad."	Slum area 	CT	Both	23	22	45	No
Pimpri Chinchwad	G	24	18.607589	73.764966	Hiraman Barne Chawl.	Near Laxmibai Vidyalay.	Chawl area 	CT	Both	4	4	8	No
Pimpri Chinchwad	G	24	18.607728	73.764893	Dattanagar lane no:2B.	Dattanagar Chawl.	Chawl area 	CT	Both	5	5	10	No
Pimpri Chinchwad	G	24	18.607692	73.765007	Near Chawdi Hotel.	"Bajiraobarne Chawl, Patil Vasti, Thergaon. "	Chawl area 	CT	Both	4	4	8	No
Pimpri Chinchwad	G	24	18.60772	73.764717	" Nearby Moreswar Colony, Tukaram Barne Chawl."	"Nearby Moreswar Colony, Thergaon."	Chawl area 	CT	Both	4	4	8	No
Pimpri Chinchwad	G	27	18.599289	73.786903	" ,Chatrapati Udyan Near SNBP School"""	Rahatani	Garden	PT	Both	1	1	2	No
Pimpri Chinchwad	G	27	18.611661	73.785079	"Near PMPML Bus Stop Tapkirnagar Kalewadi."""	"Tapkirnagar, Kalewadi."	Slum area	CT	Both	4	3	7	No
Pimpri Chinchwad	G	27	18.616774	73.729105	",Near Health office.,Ram mandir road Pawana nagar"	" Rahatani gaothan."""	Gaothan area	CT	Both	0	8	8	No
Pimpri Chinchwad	G	27	18.61688	73.719812	",Backside of Mahadev mandir.,Ram mandir road Pawana nagar"	" Ashirwad colony."""	Residential area	CT	Both	16	10	26	No
Pimpri Chinchwad	G	27	18.61982	73.718812	"Near Mahadev mandir.,Kalewadi Rahatani Road"	" Ashirwad Colony"""	Residential area	CT	Both	4	4	8	No
Pimpri Chinchwad	H	20	18.618649	73.842281	Lande wadi	Landewadi chowk	Road side	PT	Both	1	1	2	No
Pimpri Chinchwad	H	20	18.619265	73.826796	MIDC Bhosari	Phoreshiya company near	Road side	PT	Male	1	0	1	No
Pimpri Chinchwad	H	20	18.620433	73.826507	MIDC Bhosari	Good will chowk	Road side	PT	Both	1	1	2	No
Pimpri Chinchwad	H	20	18.628836	73.825413	MIDC Bhosari	PMPML Depo	Road side	PT	Both	1	1	2	No
Pimpri Chinchwad	H	20	18.628089	73.822406	MIDC Bhosari	Smashan Bhumi road Nehru nagar	Road side	PT	Both	1	1	2	No
Pimpri Chinchwad	H	20	18.63342	73.828015	MIDC Bhosari	Hocky stadium in	Road side	PT	Both	36	14	50	No
Pimpri Chinchwad	H	20	18.595075	73.830382	Agresan nagar Agarwal Udyan	kundan nagar	Garden 	PT	Both	1	0	1	No
Pimpri Chinchwad	H	20	18.623428	73.819075	GOI market	S.T. nagar pimpri	Market 	PT	Both	6	11	17	No
Pimpri Chinchwad	H	20	18.624756	73.820287	Jijau sanskrutik bhavan	S.T. nagar pimpri	 Commercial	PT	Both	2	2	4	No
Pimpri Chinchwad	H	20	18.620773	73.818982	Dr.Balashaeb Ambedkar stadium	S.T. nagar pimpri	 Commercial	PT	Both	2	2	4	No
Pimpri Chinchwad	H	20	18.618741	73.820343	Virangula kendra	S.T. nagar pimpri	Garden 	PT	Both	2	2	4	No
Pimpri Chinchwad	H	20	18.620526	73.821137	Badminton hall	S.T. nagar pimpri	Road side	PT	Both	1	1	2	No
Pimpri Chinchwad	H	20	18.624836	73.81789	Dr.Balashaeb Ambedkar sanskrutik bhavan	Ganga nagar	Commercial	PT	Both	1	1	2	No
Pimpri Chinchwad	H	20	18.624612	73.817239	Sant Rohidas Vicharmanch Ganga nagar	Ganga nagar	Commercial 	PT	Male	1	0	1	No
Pimpri Chinchwad	H	20	18.624947	73.818044	Sant Savata mali garden 	Ganga nagar	Garden	PT	Both	1	0	1	No
Pimpri Chinchwad	H	20	18.624756	73.820287	Dr. Abdul Kalam garden	S.T nagar	Garden	PT	Both	2	2	4	No
Pimpri Chinchwad	H	20	18.618714	73.820346	Rajesh Bahal garden	S.T nagar	Garden	PT	Both	1	1	2	No
Pimpri Chinchwad	H	20	18.617795	73.817748	B.D. kiledar garden	S.T nagar	Garden	PT	Both	1	0	1	No
Pimpri Chinchwad	H	20	18.604236	73.825609	"Pimple Garden, PCMC School, Kasarwadi"	"Pimple Garden, Kasarwadi"	Garden	PT	Male	1	0	1	No
Pimpri Chinchwad	H	20	18.596757	3.830258	"Agarwal and Chadha Gardens, Kundan Nagar"	 Kundan Nagar	Garden	PT	Both	1	1	2	No
Pimpri Chinchwad	H	20	18.6225371	73.8172	Pu. La. Deshpande Udyan Sant Tukaram.nagar	 Sant Tukaram.nagar	Garden	PT	Male	1	0	1	No
Pimpri Chinchwad	H	20	18.621106	73.82486	M.Phule nagar	Dannyel house	Slum area	CT	Female	0	15	15	No
Pimpri Chinchwad	H	20	18.625154	73.802424	Vaishali nagar	Near nala	Slum area	CT	Both	3	2	5	No
Pimpri Chinchwad	H	20	0	0	Dashrat landge chawl	Kaswarwadi	chawl area	CT	Both	10	6	16	No
Pimpri Chinchwad	H	20	0	0	Nearby Landewadi Tujabhavani Mandir	Lande wadi slum	Slum area	CT	Both	12	11	23	No
Pimpri Chinchwad	H	20	0	0	YCM road 	M.phule nagar 	Residential area 	CT	Both	2	2	4	No
Pimpri Chinchwad	H	20	18.60386	73.824078	Ranavade vada	"Prem sagar sweet back sight,M. Phule nagar."	Residential area 	CT	Male	10	0	10	No
Pimpri Chinchwad	H	20	18.605497	73.825509	Doke chawl	Vidya vikas school near	Chawl area	CT	Both	16	16	32	No
Pimpri Chinchwad	H	20	18.605757	73.825181	"jankalyan sanghatana, Kasarwadi"	Near to shitala devi temple 	Residential area 	CT	Both	5	5	10	No
Pimpri Chinchwad	H	20	18.604354	73.826237	PCMC school nearby	Vishnu Landge Chawl near to Shivaji statue.	Chawl area	CT	Both	6	4	10	No
Pimpri Chinchwad	H	20	18.603815	73.8256	Sudarshan building	Prem sagar sweet back sight	Residential area 	CT	Female	0	10	10	No
Pimpri Chinchwad	H	20	18.602595	73.824922	Mote Chawl	"Karsankalan, Kasarwadi"	Chawl area	CT	Both	10	10	20	No
Pimpri Chinchwad	H	20	18.595075	73.830382	Kundan nagar	Seva nagar chawl	Chawl area	CT	Both	6	4	10	No
Pimpri Chinchwad	H	20	18.622414	73.823091	0	"M. phule nagar slum area, near to  Nalyalagat house."	Slum area	CT	Both	12	13	25	No
Pimpri Chinchwad	H	20	18.62257	73.822622	Near to Mhasoba temple.	"M. phule nagar slum area,near to Mhasoba temple."	Slum area	CT	Male	26	0	26	No
Pimpri Chinchwad	H	20	18.619269	73826236	Near to Phoreshiya company	"M. phule nagar slum area,near to Phoreshiya company"	Slum area	CT	Male	10	0	10	No
Pimpri Chinchwad	H	20	18.622095	73.822608	Near to Anganwadi	"M. phule nagar slum area, near to Angan wadi"	Slum area	CT	Female	0	16	16	No
Pimpri Chinchwad	H	20	18.621952	73.823304	Near to nala.	M. phule nagar slum area	Slum area	CT	Both	20	14	34	No
Pimpri Chinchwad	H	20	18.62098	73.83	Lande wadi	"Landewadi slum, Nala laget sudhare garden"	Slum area 	CT	Both	21	21	42	No
Pimpri Chinchwad	H	20	18.619986	73.840352	Lande wadi	"Landewadi slum, Tulja bhavani temple back side"	Slum area 	CT	Both	12	11	23	No
Pimpri Chinchwad	H	20	18.620313	73.83885	Lande wadi	"Landewadi slum, Near to nala"	Slum area 	CT	Both	3	3	6	No
Pimpri Chinchwad	H	20	18.62553	73.8024	Gurudatta nagar	Indira gandhi over bridge Gurudutt nagar Chawl.	Chawl area	CT	Both	8	6	14	No
Pimpri Chinchwad	H	20	18.62338	73.801978	Near railway station 	Nanekar Chawl	Chawl area	CT	Both	3	3	6	No
Pimpri Chinchwad	H	30	18.60465	73.82077	Kasarwadi	"Burning ghat , kasarwadi"	Road side	PT	Female	0	8	8	No
Pimpri Chinchwad	H	30	18.603344	73.818197	Sarita kunj	Sarita kunj	Road side	PT	Both	2	6	8	No
Pimpri Chinchwad	H	30	18.600678	73.824736	Janseva chowk	"Janseva chowk , kasarwadi"	Near to railway station 	PT	Both	1	1	2	No
Pimpri Chinchwad	H	30	18.577773	73.8299	Jeevak B samor chowk	"Sector no: 85 , Dapodi"	Road side	PT	Both	26	22	48	No
Pimpri Chinchwad	H	30	18.580659	73.828638	Dapodi	Dapodi burning ghats 	Burning ghat	PT	Both	2	2	4	No
Pimpri Chinchwad	H	30	18.601242	73.822975	Kaswarwadi	"Girl's ITI college, Kasarwadi"	Instituions	PT	Female	0	8	8	No
Pimpri Chinchwad	H	30	18.582267	73.82812	"Near to Dutta Temple , Bombay colony"	Bombay colony chawl	Chawl area	CT	Both 	6	6	12	No
Pimpri Chinchwad	H	30	18.580941	73.828349	Marne Garage	"Survey no: 7, gaothan , Dapodi"	Gaothan area	CT	Male	20	0	20	No
Pimpri Chinchwad	H	30	18.579278	73.827804	"Jolly club, Laxmi chowk"	"Laxmi chowk, Dapodi"	Residential area 	CT	Both 	4	4	8	No
Pimpri Chinchwad	H	30	18.579247	73.830305	Backside of MANPA school. 	"M.Phule nagar , Dapodi"	Slum area	CT	Both 	12	12	24	No
Pimpri Chinchwad	H	30	18.578061	73.834911	Nearby Vise House	"Gulabnagar , Dapodi"	 Slum area	CT	Female	0	16	16	No
Pimpri Chinchwad	H	30	18.576962	73.834683	Near Vishnu General store	"Gulabnagar , Dapodi"	Slum area	CT	Both 	18	18	36	No
Pimpri Chinchwad	H	30	18.574381	73.836944	Opposite Torne House 	Siddharth nagar 	Slum area	CT	Male	16	0	16	No
Pimpri Chinchwad	H	30	18.574381	73.836944	Near to railway tunnel	Siddharth nagar 	Slum area	CT	Both	11	11	22	No
Pimpri Chinchwad	H	30	18.578865	73.833974	Siddhi laundry	Siddharth nagar 	Slum area	CT	Male	11	0	11	No
Pimpri Chinchwad	H	30	18.580747	73.83415	Near to Asit  Kamble house 	Siddharth nagar 	Slum area	CT	Male	10	0	10	No
Pimpri Chinchwad	H	30	18.581635	73.833672	Near ArunTalkies	Limbore vasti	Slum area	CT	Both	13	13	26	No
Pimpri Chinchwad	H	30	18.580214	73.833891	Backside of Dapodi Police Chowki	"Gulewadi, Dapodi"	Slum area	CT	Male	4	0	4	No
Pimpri Chinchwad	H	30	18.585921	73.829866	Leprosey section	"Kate wasti , Anandabhavan"	Slum area	CT	Both	6	6	12	No
Pimpri Chinchwad	H	30	18.585877	73829893	Frontside of Ai garden	Anandaban ashram	Slum area	CT	Both	6	7	13	No
Pimpri Chinchwad	H	30	18.591837	73.830695	Backside of Prashant Phuge house 	Patil chawl	Gaothan area	CT	Both	4	4	8	No
Pimpri Chinchwad	H	30	18.588822	73.830422	"Railway Muri road , Phugewadi"	Labour camp	Gaothan area	CT	Female	0	10	10	No
Pimpri Chinchwad	H	30	18.587612	73.830632	Opoosite to Swami Samarthi mandir 	"Swami Samarthi mandir, Phugewadi "	Gaothan area	CT	Male	20	0	20	No
Pimpri Chinchwad	H	30	18.587765	73.830407	Opoosite to Swami Samarthi mandir 	"Swami Samarthi mandir, Phugewadi "	Gaothan area	CT	Male	16	0	16	No
Pimpri Chinchwad	H	30	18.58636	73.830956	"Near Jama masjid , Sanjaynagar."	"Sanjaynagar, Phugewadi"	Slum area	CT	Both	12	14	26	No
Pimpri Chinchwad	H	30	18.58761	73.830632	Opoosite to Swami Samarthi mandir 	"Swami Samarthi mandir, Phugewadi "	Gaothan area	CT	Both	0	20	20	No
Pimpri Chinchwad	H	30	18.589688	73.822608	Sai service 	"Jai bharat nagar, backside of Sai service "	Slum area	CT	Both	2	2	4	No
Pimpri Chinchwad	H	30	18.602948	73.823129	Banjari ground	Banjari ground	Slum area	CT	Both	16	0	16	No
Pimpri Chinchwad	H	30	18.599383	73.818197	Jawalkar colony	"Jawalkar colony(2nd floor), Kasarwadi"	Residential area 	CT	Both	18	16	34	No
Pimpri Chinchwad	H	30	18.58045	73.828122	Janseva club	Limbore vasti	Slum area 	CT	Both	13	13	26	No
Pimpri Chinchwad	H	30	18.580829	73.833015	Frontside of Kate Bunglow	M.S kate chawl	Chawl area	CT	Both	3	3	6	No
Pimpri Chinchwad	H	30	18.588107	73.830309	Railway line nearby	"Near railway line, Swami samartha chowk , Phugewadi"	Residential area  	CT	Male	16	16	32	No
Pimpri Chinchwad	H	30	18.588076	73.830324	Railway line nearby	"Near railway line , Phugewadi"	Residential area  	CT	Male 	10	0	10	No
Pimpri Chinchwad	H	31	18.574709	73.820485	Katepuram badminton hall	New sangvi	Recreational 	PT	Both	1	0	1	No
Pimpri Chinchwad	H	31	18.577346	73.820127	Rajiv gandhi slum	New sangvi	Slum area	CT	Both	8	8	16	No
Pimpri Chinchwad	H	31	18.583546	73.814153	Nilu Phule Natyagruh	"Vinayak Nagar, Pimple Gurav, Pune"	Natyagruh	PT	Both	13	14	27	No
Pimpri Chinchwad	H	32	18.582846	73.811185	Badminton hall PWD ground	Juni sangvi	Recreational 	PT	Both	4	4	8	No
Pimpri Chinchwad	H	32	18.570187	73.817829	Tanajirao shitole (sarkar) udyan	Juni sangvi	Garden	PT	Both	2	2	4	No
Pimpri Chinchwad	H	32	18.577374	73.820068	Dashkriya ghat old sangvi	Juni sangvi	Ghat area 	PT	Male	2	0	2	No
Pimpri Chinchwad	H	32	18.574298	73.820301	Near to Aihla devi statue	Juni sangvi	Road side	PT	Female	0	3	3	No
Pimpri Chinchwad	H	32	18.576203	73.821473	Vetal maharaj ghat	Vetal maharajghat 	Gaothan area	CT	Both	4	4	8	No
Pimpri Chinchwad	H	32	18.570056	73.823194	Mula nagar slum	Juni sangvi	Slum area	CT	Both	3	3	6	No
Pimpri Chinchwad	H	32	18.575607	73.825878	Priydarshni nagar	Juni sangvi	Residential area 	CT	Both	4	4	8	No
Pimpri Chinchwad	H	32	18.57618	73.82143	Kumbhar wada old sangvi	Juni sangvi	Gaothan area	CT	Male	8	0	8	No
Pimpri Chinchwad	H	32	18.575102	73.823445	Chandramani nagar old sangvi	Juni sangvi	Gaothan area	CT	Female	0	12	12	No
Pimpri Chinchwad	H	32	18.575102	73.823445	Chandramani nagar old sangvi	Juni sangvi	Gaothan area	CT	Male	16	0	16	No
Pimpri Chinchwad	H	32	18.57612	73.82805	Pawana nagar	Juni sangvi	Slum area 	CT	Both	2	2	4	No
